City             ,State                ,StateCode ,CensusCode ,Population ,sameHouse1yr ,transportCar ,publicTransport ,medianIncome ,employment ,rent    ,own     ,housingTenure ,medianValue ,medianRent ,white   ,black   ,asian   ,twoPlusRaces ,hispanic ,foreignBorn ,commuteless10 ,commute10to29 ,commute30to59 ,commute60plus ,counttraveltime ,youngAdults ,industryTotal ,naturalReasources ,construction ,manufacturing ,wholesale ,retail ,transportation ,information ,finance ,scientific ,education ,arts   ,other  ,publicAdmin ,housingTypeTotal ,units1  ,units2 ,units3or4 ,units5or9 ,units10plus ,otherType
Anchorage        ,Alaska               ,AK        ,     02305 ,    245624 ,      197589 ,       94067 ,          94067 ,       90793 ,    140198 ,  37984 ,  56899 ,        94883 ,     373200 ,      1473 , 130397 ,  13071 ,  26005 ,       38395 ,   25756 ,      28937 ,        19823 ,        84951 ,        11257 ,         3527 ,         119558 ,      24265 ,       126358 ,             3789 ,        6922 ,         3341 ,     2070 , 14124 ,         11776 ,       3024 ,   3709 ,     14216 ,    34501 , 10952 ,  5221 ,      12713 ,          104647 ,  57877 ,  6304 ,    10931 ,     7122 ,      17917 ,     4496
Huntsville       ,Alabama              ,AL        ,     40780 ,    359389 ,      301448 ,      139891 ,         139891 ,       86901 ,    194391 ,  51035 ,  96625 ,       147660 ,     326700 ,      1291 , 216895 ,  92897 ,  10440 ,       27089 ,   25649 ,      19226 ,        16968 ,       103726 ,        33353 ,         2943 ,         156990 ,      38406 ,       187818 ,              422 ,        9436 ,        28176 ,     2449 , 16388 ,          4734 ,       2248 ,   7704 ,     42120 ,    34210 , 14514 ,  9791 ,      15626 ,          158482 , 112918 ,  2072 ,     7763 ,    11384 ,      22217 ,     2128
Birmingham       ,Alabama              ,AL        ,     07786 ,    778756 ,      669858 ,      285726 ,         285726 ,       69947 ,    390541 , 110597 , 207244 ,       317841 ,     278700 ,      1208 , 400215 , 298319 ,  17417 ,       43215 ,   46456 ,      43670 ,        26348 ,       186453 ,        98851 ,        17586 ,         329238 ,      70356 ,       376704 ,             1656 ,       22118 ,        31739 ,     9531 , 41383 ,         27141 ,       6491 ,  31233 ,     40708 ,    96108 , 33318 , 19937 ,      15341 ,          357945 , 260860 ,  5055 ,     9964 ,    21816 ,      52510 ,     7740
Little Rock      ,Arkansas             ,AR        ,     50392 ,    467846 ,      409973 ,      165697 ,         165697 ,       62478 ,    230250 ,  78957 , 116348 ,       195305 ,     216200 ,      1063 , 256905 , 143785 ,  10477 ,       41796 ,   42884 ,      29593 ,        22448 ,       113992 ,        50669 ,         6874 ,         193983 ,      42507 ,       219387 ,              899 ,       14099 ,        14868 ,     3729 , 27992 ,         12528 ,       2908 ,  19220 ,     22442 ,    58877 , 16265 , 10848 ,      14712 ,          220197 , 144908 ,  5727 ,     7903 ,    12178 ,      38124 ,    11357
Phoenix          ,Arizona              ,AZ        ,     69184 ,   4065338 ,     3457480 ,     1332557 ,        1332557 ,       85268 ,   2154287 , 561892 ,1024981 ,      1586873 ,     467000 ,      1754 ,2445320 , 228098 , 200435 ,      746879 , 1179791 ,     580970 ,       161734 ,       863670 ,       519616 ,        96634 ,        1641654 ,     382220 ,      2071404 ,            10010 ,      160566 ,       166662 ,    41814 ,232870 ,        112709 ,      41710 , 219637 ,    291139 ,   436087 ,185389 , 95447 ,      77364 ,         1735003 ,1180732 , 19372 ,    72534 ,    72193 ,     303602 ,    86570
Tucson           ,Arizona              ,AZ        ,     88732 ,    879871 ,      728456 ,      296548 ,         296548 ,       66730 ,    451920 , 144403 , 236340 ,       380743 ,     334800 ,      1255 , 497855 ,  36757 ,  27207 ,      211342 ,  340952 ,     117112 ,        40563 ,       207886 ,       104827 ,        14309 ,         367585 ,     108902 ,       423396 ,             4069 ,       28477 ,        32116 ,     4670 , 49985 ,         23853 ,       5458 ,  21667 ,     54622 ,   110298 , 46005 , 21095 ,      21081 ,          411102 , 272141 ,  7607 ,    14964 ,    14402 ,      71003 ,    30985
Sacramento       ,California           ,CA        ,     77068 ,   1962998 ,     1730929 ,      615172 ,         615172 ,       94277 ,   1007631 , 271329 , 449806 ,       721135 ,     576600 ,      1809 , 932709 , 154783 , 332147 ,      299603 ,  446648 ,     415529 ,        70314 ,       392832 ,       229491 ,        55841 ,         748478 ,     160150 ,       943733 ,             8587 ,       64000 ,        47477 ,    18250 , 94781 ,         65880 ,      13750 ,  59375 ,    121173 ,   225663 , 79579 , 43353 ,     101865 ,          756826 , 551363 , 13059 ,    37253 ,    36420 ,     100943 ,    17788
San Diego        ,California           ,CA        ,     78661 ,   3057778 ,     2636413 ,     1069572 ,        1069572 ,      103341 ,   1681843 , 521642 , 588407 ,      1110049 ,     869500 ,      2306 ,1405462 , 147445 , 402486 ,      658787 , 1076919 ,     728409 ,       116586 ,       731378 ,       396615 ,        77839 ,        1322418 ,     293054 ,      1531838 ,            12238 ,       91627 ,       154940 ,    24907 ,143848 ,         69819 ,      28001 ,  88981 ,    254278 ,   358340 ,156614 , 72209 ,      76036 ,         1184964 , 693340 , 23412 ,    61376 ,    90950 ,     279066 ,    36820
San Francisco    ,California           ,CA        ,     78904 ,   3364862 ,     2922256 ,      869650 ,         869650 ,      123342 ,   1914929 , 659210 , 671758 ,      1330968 ,    1147200 ,      2367 ,1143147 , 239329 ,1045975 ,      423683 ,  802560 ,    1178420 ,        89785 ,       634714 ,       506915 ,       170642 ,        1402056 ,     259868 ,      1816092 ,             7938 ,       95089 ,       149344 ,    27008 ,148993 ,        100397 ,      78501 , 112118 ,    410699 ,   388034 ,145714 , 83275 ,      68982 ,         1446567 , 763582 , 71262 ,    99804 ,    95845 ,     402351 ,    13723
San Jose         ,California           ,CA        ,     79039 ,   1771563 ,     1499746 ,      610466 ,         610466 ,      156284 ,   1001194 , 296994 , 339517 ,       636511 ,    1509000 ,      2800 , 516837 ,  43765 , 760294 ,      221873 ,  405788 ,     766116 ,        50377 ,       437735 ,       239064 ,        51459 ,         778635 ,     161852 ,       958204 ,             2209 ,       41357 ,       159755 ,     8076 , 71589 ,         32020 ,      65099 ,  38407 ,    223845 ,   187732 , 67630 , 35622 ,      24863 ,          672941 , 402979 ,  9360 ,    36269 ,    34890 ,     172215 ,    17228
Los Angeles      ,California           ,CA        ,     51445 ,  11885717 ,    10680530 ,     3989403 ,        3989403 ,       90410 ,   6432320 ,2259466 ,1939347 ,      4198813 ,     861400 ,      1968 ,3661819 , 742498 ,2089119 ,     2312847 , 5563738 ,    4011195 ,       355947 ,      2286537 ,      1838516 ,       588436 ,        5069436 ,    1074349 ,      6070037 ,            31029 ,      382524 ,       542065 ,   162859 ,592653 ,        403559 ,     233511 , 344639 ,    854734 ,  1329824 ,666066 ,318025 ,     208549 ,         4459188 ,2414881 ,113499 ,   274038 ,   333178 ,    1240103 ,    83489
Boulder          ,Colorado             ,CO        ,     09298 ,    120121 ,       81865 ,       30290 ,          30290 ,       77348 ,     69375 ,  26490 ,  24508 ,        50998 ,     939600 ,      1908 ,  96143 ,   1966 ,   6336 ,       13760 ,   12715 ,      12287 ,         8899 ,        28144 ,         5391 ,         2148 ,          44582 ,      34231 ,        64736 ,              823 ,        1431 ,         5201 ,      635 ,  7329 ,          1428 ,       1845 ,   2578 ,     14151 ,    16959 ,  7315 ,  3021 ,       2020 ,           54527 ,  25688 ,  1057 ,     3705 ,     4741 ,      18183 ,     1153
Colorado Springs ,Colorado             ,CO        ,     18856 ,    638421 ,      507435 ,      232525 ,         232525 ,       85562 ,    358106 ,  95818 , 167188 ,       263006 ,     457600 ,      1688 , 445903 ,  41419 ,  19636 ,       85872 ,  127444 ,      46253 ,        32898 ,       166648 ,        62293 ,        16226 ,         278065 ,      63410 ,       314005 ,             2338 ,       20908 ,        17310 ,     3116 , 34451 ,         13908 ,       8625 ,  24964 ,     48317 ,    74245 , 29105 , 17293 ,      19425 ,          274915 , 198789 ,  3861 ,     9164 ,    13549 ,      43671 ,     5881
Denver           ,Colorado             ,CO        ,     23527 ,   2691349 ,     2220545 ,      978638 ,         978638 ,      100522 ,   1602705 , 444716 , 680917 ,      1125633 ,     594700 ,      1894 ,1714489 , 154847 , 124473 ,      453326 ,  685845 ,     353218 ,       112679 ,       595302 ,       411909 ,        75096 ,        1194986 ,     222081 ,      1541163 ,            15901 ,      115055 ,        99275 ,    36341 ,146660 ,         84098 ,      49317 , 120142 ,    274327 ,   316396 ,146034 , 73634 ,      63983 ,         1180658 , 732666 , 13388 ,    34323 ,    61628 ,     322841 ,    15812
Fort Collins     ,Colorado             ,CO        ,     30628 ,    339256 ,      279237 ,      119948 ,         119948 ,       86848 ,    191077 ,  56429 ,  86451 ,       142880 ,     543300 ,      1693 , 278123 ,   3677 ,   7646 ,       38963 ,   45346 ,      15887 ,        22125 ,        80888 ,        28361 ,        10849 ,         142223 ,      50530 ,       181449 ,             3011 ,       11849 ,        16686 ,     2875 , 15738 ,          6875 ,       3389 ,   9803 ,     26742 ,    48381 , 20523 ,  7743 ,       7834 ,          148591 , 102219 ,  2689 ,     8154 ,     9981 ,      21814 ,     3734
New Haven        ,Connecticut          ,CT        ,     62407 ,    565056 ,      482609 ,      201057 ,         201057 ,       79396 ,    302598 ,  96413 , 136169 ,       232582 ,     348600 ,      1457 , 345584 ,  76680 ,  24668 ,       58461 ,  113105 ,      77926 ,        38264 ,       138162 ,        55054 ,        15689 ,         247169 ,      58742 ,       289297 ,              464 ,       16183 ,        29181 ,     2945 , 26911 ,         14543 ,       5364 ,  16277 ,     31238 ,   104939 , 21739 , 11601 ,       7912 ,          251028 , 144928 , 26746 ,    25615 ,    11736 ,      40232 ,     1771
Hartford         ,Connecticut          ,CT        ,     37243 ,    969171 ,      859217 ,      354055 ,         354055 ,       85062 ,    531094 , 149841 , 250355 ,       400196 ,     311800 ,      1377 , 599503 , 130001 ,  62512 ,      103861 ,  182845 ,     161973 ,        51469 ,       252094 ,       103663 ,        21233 ,         428459 ,      90180 ,       506394 ,             2819 ,       24594 ,        53026 ,     8419 , 49664 ,         30452 ,       8706 ,  47951 ,     60867 ,   136848 , 39705 , 19684 ,      23659 ,          428107 , 253889 , 30180 ,    40625 ,    28335 ,      72362 ,     2716
Washington       ,District of Columbia ,DC        ,     92242 ,   5146120 ,     4377744 ,     1495396 ,        1495396 ,      122458 ,   2968953 , 799310 ,1191087 ,      1990397 ,     607500 ,      1973 ,2008672 ,1326213 , 634784 ,      638855 , 1012355 ,    1417732 ,       124470 ,       895096 ,       891555 ,       257249 ,        2168370 ,     442639 ,      2803441 ,             3402 ,      173394 ,        83983 ,    24696 ,191783 ,        120121 ,      67283 , 180156 ,    652849 ,   542842 ,223821 ,179159 ,     359952 ,         2092950 ,1225501 , 26735 ,    52495 ,   124836 ,     652853 ,    10530
Dover            ,Delaware             ,DE        ,     24580 ,    128045 ,      107616 ,       48558 ,          48558 ,       71337 ,     67921 ,  13706 ,  35615 ,        49321 ,     307600 ,      1390 ,  57953 ,  48934 ,   2760 ,       12553 ,   14611 ,      13283 ,         6697 ,        31547 ,        13733 ,         5591 ,          57568 ,      14654 ,        62826 ,               57 ,        3492 ,         4778 ,     1208 ,  7824 ,          4066 ,        349 ,   3764 ,      4963 ,    16436 ,  6327 ,  1957 ,       7605 ,           51595 ,  39044 ,   354 ,      947 ,     2624 ,       4616 ,     4010
Gainesville      ,Florida              ,FL        ,     32167 ,    219946 ,      164227 ,       78775 ,          78775 ,       56111 ,    118015 ,  50550 ,  45638 ,        96188 ,     317300 ,      1381 , 126213 ,  42760 ,  16692 ,       25269 ,   29544 ,      31753 ,        13209 ,        62423 ,        19608 ,         2858 ,          98098 ,      55405 ,       113267 ,              984 ,        3204 ,         3417 ,     1523 , 12303 ,          2979 ,        281 ,   5879 ,     11794 ,    50187 ,  9746 ,  4771 ,       6199 ,          102354 ,  51348 ,  1790 ,     8738 ,    11219 ,      26743 ,     2516
Jacksonville     ,Florida              ,FL        ,     42346 ,   1303156 ,     1083342 ,      432949 ,         432949 ,       74416 ,    680730 , 202320 , 327129 ,       529449 ,     352400 ,      1553 , 713602 , 319848 ,  68359 ,      146256 ,  162072 ,     149047 ,        45376 ,       274662 ,       178076 ,        24140 ,         522254 ,     109440 ,       635817 ,             2483 ,       42948 ,        34297 ,    13279 , 80235 ,         42084 ,      10694 ,  78308 ,     91727 ,   122903 , 58493 , 29291 ,      29075 ,          570993 , 389012 , 10857 ,    30778 ,    30363 ,      93669 ,    16314
Miami            ,Florida              ,FL        ,     56602 ,   6113982 ,     5261172 ,     2100067 ,        2100067 ,       76187 ,   3249717 , 891575 ,1440421 ,      2331996 ,     473700 ,      1920 ,2225020 ,1185601 , 161447 ,     1969717 , 2854032 ,    2621431 ,       175003 ,      1215511 ,       955509 ,       271311 ,        2617334 ,     472573 ,      3114676 ,            14606 ,      248774 ,       144474 ,    86977 ,334533 ,        250844 ,      49485 , 272195 ,    471556 ,   638125 ,327852 ,175097 ,     100158 ,         2680101 ,1359497 , 59124 ,   114871 ,   143912 ,     948584 ,    54113
Orlando          ,Florida              ,FL        ,     65863 ,   1913597 ,     1617321 ,      666673 ,         666673 ,       78805 ,   1045760 , 307879 , 428673 ,       736552 ,     403600 ,      1811 , 905984 , 347742 ,  92692 ,      385474 ,  563248 ,     419498 ,        57879 ,       393720 ,       296276 ,        52500 ,         800375 ,     185447 ,       998637 ,             2818 ,       65667 ,        53663 ,    18094 ,112257 ,         65371 ,      17435 ,  72942 ,    164130 ,   200120 ,156671 , 42840 ,      26629 ,          792893 , 489663 ,  9627 ,    31610 ,    55373 ,     181809 ,    24811
Tallahassee      ,Florida              ,FL        ,     86464 ,    261271 ,      203313 ,       99318 ,          99318 ,       63612 ,    148159 ,  58122 ,  53080 ,       111202 ,     309900 ,      1284 , 140055 ,  83601 ,   9642 ,       21875 ,   22037 ,      23226 ,        14981 ,        77534 ,        22507 ,         4440 ,         119462 ,      61445 ,       137983 ,             1312 ,        5105 ,         3266 ,     2467 , 15420 ,          3178 ,       1718 ,   6713 ,     18714 ,    34987 , 16372 ,  7339 ,      21392 ,          124976 ,  65197 ,  3845 ,    11274 ,     7215 ,      32545 ,     4900
Tampa            ,Florida              ,FL        ,     86599 ,   2906035 ,     2463459 ,      944394 ,         944394 ,       73971 ,   1517492 , 407055 , 783600 ,      1190655 ,     384000 ,      1753 ,1746089 , 360527 , 128052 ,      494474 ,  649684 ,     496100 ,       106512 ,       530616 ,       400652 ,       108951 ,        1146731 ,     228664 ,      1450415 ,            10792 ,      102578 ,        87417 ,    31685 ,164197 ,         75873 ,      23416 , 151474 ,    237138 ,   297371 ,135255 , 76768 ,      56451 ,         1348275 , 838788 , 22546 ,    53756 ,    73915 ,     258978 ,   100292
West Palm Beach  ,Florida              ,FL        ,     22612 ,    429526 ,      371916 ,      126197 ,         126197 ,       61638 ,    190866 ,  51261 , 138913 ,       190174 ,     358200 ,      1484 , 322326 ,  44258 ,  10881 ,       38484 ,   39648 ,      40632 ,        18207 ,        82069 ,        33320 ,        14360 ,         147956 ,      33944 ,       181428 ,              231 ,       12874 ,         9818 ,     5513 , 23917 ,         10511 ,       2247 ,  16265 ,     24292 ,    42014 , 18273 ,  8727 ,       6746 ,          232285 , 149219 ,  5464 ,     6525 ,    11830 ,      41397 ,    17850
Athens           ,Georgia              ,GA        ,     03763 ,    147368 ,      111020 ,       57523 ,          57523 ,       58872 ,     80817 ,  34163 ,  27905 ,        62068 ,     333400 ,      1281 ,  87273 ,  36923 ,   6953 ,       10226 ,   15762 ,      11911 ,        10540 ,        43119 ,         9890 ,         4244 ,          67793 ,      35157 ,        77551 ,              672 ,        3290 ,         4521 ,     1727 ,  7828 ,          4632 ,        550 ,   3866 ,     10718 ,    23568 ,  9202 ,  3186 ,       3791 ,           65357 ,  39319 ,  3373 ,     2519 ,     4596 ,      12856 ,     2694
Atlanta          ,Georgia              ,GA        ,     03817 ,   5211164 ,     4492313 ,     1756729 ,        1756729 ,       88351 ,   2881208 , 689104 ,1262409 ,      1951513 ,     395800 ,      1739 ,1991546 ,1927764 , 403761 ,      531197 ,  710149 ,     927694 ,       145157 ,       907916 ,       829656 ,       258003 ,        2140732 ,     475681 ,      2749097 ,             7947 ,      180088 ,       196844 ,    63819 ,298920 ,        207207 ,      78755 , 207353 ,    477365 ,   545636 ,241202 ,136160 ,     107801 ,         2117126 ,1487799 , 20154 ,    57953 ,   107604 ,     412201 ,    31415
Columbus         ,Georgia              ,GA        ,     19099 ,    257578 ,      215299 ,       79797 ,          79797 ,       51870 ,    120547 ,  50742 ,  55509 ,       106251 ,     181100 ,      1005 , 107906 , 110253 ,   4990 ,       23469 ,   19697 ,      11000 ,        14263 ,        64813 ,        15672 ,         3824 ,          98572 ,      22679 ,       103718 ,              930 ,        5174 ,        10465 ,     1917 , 10536 ,          5370 ,       1334 ,  11323 ,     10907 ,    23873 , 10444 ,  4070 ,       7375 ,          119773 ,  78061 ,  3225 ,     8352 ,     8150 ,      17811 ,     4174
Savannah         ,Georgia              ,GA        ,     79768 ,    316446 ,      254025 ,      113929 ,         113929 ,       72008 ,    165276 ,  54447 ,  71489 ,       125936 ,     317100 ,      1506 , 152138 , 113119 ,   9924 ,       24492 ,   24620 ,      29607 ,        14007 ,        78418 ,        38895 ,         5416 ,         136736 ,      32277 ,       156341 ,              668 ,        8514 ,        14342 ,     2913 , 18194 ,         14225 ,       2206 ,   7804 ,     21199 ,    32267 , 20271 ,  7032 ,       6706 ,          141810 ,  96113 ,  5622 ,     8764 ,     9666 ,      16766 ,     4879
Honolulu         ,Hawaii               ,HI        ,     39889 ,    836233 ,      722550 ,      256263 ,         256263 ,      100967 ,    447916 , 122090 , 166888 ,       288978 ,     863700 ,      1953 , 131655 ,  19321 , 382223 ,      210346 ,   82420 ,     175969 ,        33789 ,       190491 ,       129723 ,        35691 ,         389694 ,      71408 ,       397391 ,             2091 ,       26985 ,        12489 ,     9026 , 45185 ,         28374 ,       5923 ,  25812 ,     42940 ,    92056 , 50504 , 20850 ,      35156 ,          320055 , 167184 ,  5829 ,    15714 ,    20561 ,     109851 ,      916
Des Moines       ,Iowa                 ,IA        ,     23743 ,    560170 ,      469809 ,      221316 ,         221316 ,       81787 ,    317769 ,  80067 , 151262 ,       231329 ,     275900 ,      1178 , 425411 ,  41645 ,  30853 ,       37979 ,   56685 ,      60397 ,        38963 ,       175767 ,        38494 ,         7161 ,         260385 ,      49910 ,       306772 ,             2667 ,       21768 ,        27839 ,     9289 , 32115 ,         15545 ,       4982 ,  42146 ,     34409 ,    63506 , 27121 , 14542 ,      10843 ,          246767 , 172223 ,  3311 ,     4590 ,     8266 ,      54980 ,     3397
Boise            ,Idaho                ,ID        ,     08785 ,    449428 ,      372413 ,      159530 ,         159530 ,       88062 ,    244465 ,  59296 , 126198 ,       185494 ,     522100 ,      1590 , 371537 ,   8103 ,  13847 ,       38615 ,   42663 ,      30035 ,        22396 ,       131628 ,        31715 ,         4903 ,         190642 ,      43298 ,       235605 ,             1903 ,       18937 ,        25356 ,     5686 , 25358 ,          9249 ,       4894 ,  17124 ,     29788 ,    52744 , 21846 ,  9634 ,      13086 ,          192554 , 149245 ,  2873 ,    10921 ,     5532 ,      19092 ,     4891
Chicago          ,Illinois             ,IL        ,     16264 ,   8489066 ,     7498122 ,     2637739 ,        2637739 ,       86849 ,   4634509 ,1191845 ,2182629 ,      3374474 ,     321100 ,      1405 ,4264796 ,1427730 , 665326 ,     1114630 , 2135021 ,    1681839 ,       319443 ,      1534012 ,      1331949 ,       444717 ,        3630121 ,     741879 ,      4390353 ,            11775 ,      214611 ,       482924 ,   107478 ,418793 ,        328996 ,      79693 , 349750 ,    662464 ,  1010890 ,378000 ,204045 ,     140934 ,         3601002 ,2055217 ,228568 ,   278776 ,   279689 ,     727695 ,    31057
Indianapolis     ,Indiana              ,IN        ,     41212 ,   1740984 ,     1487031 ,      662937 ,         662937 ,       79550 ,    951403 , 247529 , 455051 ,       702580 ,     290400 ,      1247 ,1112851 , 314620 ,  83276 ,      148040 ,  172990 ,     192559 ,        83483 ,       399626 ,       245551 ,        35839 ,         764499 ,     153924 ,       915798 ,             3213 ,       52592 ,       104042 ,    23602 , 96950 ,         61459 ,      13046 ,  69365 ,    123142 ,   222175 , 69361 , 40982 ,      35869 ,          750018 , 543706 , 11733 ,    36571 ,    50455 ,      97079 ,    10474
South Bend       ,Indiana              ,IN        ,     83116 ,    275725 ,      239642 ,       97782 ,          97782 ,       63213 ,    140449 ,  34990 ,  73306 ,       108296 ,     189200 ,      1066 , 193733 ,  35487 ,   7639 ,       28817 ,   29370 ,      19820 ,        18148 ,        77191 ,        20204 ,         4033 ,         119576 ,      32004 ,       133445 ,              556 ,        7270 ,        23973 ,     3048 , 13117 ,          7178 ,       1910 ,   6829 ,     11228 ,    39296 ,  9517 ,  6331 ,       3192 ,          120400 ,  93084 ,  1788 ,     5512 ,     6823 ,      10864 ,     2329
Lawrence         ,Kansas               ,KS        ,     48232 ,     96380 ,       69017 ,       35303 ,          35303 ,       62707 ,     55561 ,  23463 ,  18159 ,        41622 ,     293700 ,      1033 ,  71519 ,   5524 ,   4823 ,       11732 ,    8159 ,       6707 ,         9880 ,        19521 ,        11497 ,         1518 ,          42416 ,      23981 ,        52400 ,              276 ,        2419 ,         3171 ,      734 ,  6887 ,          1515 ,       1465 ,   3324 ,      7398 ,    15929 ,  4993 ,  2822 ,       1467 ,           44648 ,  25550 ,  1698 ,     3209 ,     2924 ,      10277 ,      990
Wichita          ,Kansas               ,KS        ,     95077 ,    501760 ,      422397 ,      199456 ,         199456 ,       65663 ,    262618 ,  79763 , 123174 ,       202937 ,     206800 ,       979 , 340575 ,  41996 ,  21250 ,       69353 ,   87339 ,      43027 ,        33519 ,       161982 ,        27407 ,         7829 ,         230737 ,      49082 ,       249538 ,             3391 ,       15902 ,        40383 ,     4842 , 28638 ,         13745 ,       3708 ,  15664 ,     25456 ,    56875 , 21774 ,  9635 ,       9525 ,          221029 , 165479 ,  5496 ,    10728 ,     8803 ,      24683 ,     5840
Louisville       ,Kentucky             ,KY        ,     51755 ,    965005 ,      823601 ,      341809 ,         341809 ,       65820 ,    498186 , 144224 , 267563 ,       411787 ,     246100 ,      1111 , 646903 , 168983 ,  26665 ,       96806 ,   77222 ,      83294 ,        43591 ,       263286 ,        87065 ,        14453 ,         408395 ,      79572 ,       474752 ,             1048 ,       21487 ,        65593 ,     9498 , 46077 ,         41065 ,       5585 ,  38050 ,     50399 ,   114293 , 44500 , 23143 ,      14014 ,          447676 , 309134 ,  9796 ,    26234 ,    34831 ,      60821 ,     6860
Lafayette        ,Louisiana            ,LA        ,     46045 ,    231548 ,      202302 ,       88459 ,          88459 ,       64528 ,    119023 ,  33816 ,  62102 ,        95918 ,     242700 ,       972 , 142514 ,  61494 ,   4609 ,       19858 ,   15850 ,      12084 ,        13995 ,        63247 ,        20111 ,         4592 ,         101945 ,      18505 ,       114813 ,             6163 ,        8921 ,         6137 ,     2499 , 13358 ,          4780 ,       1696 ,   7669 ,     13737 ,    29195 , 12289 ,  5049 ,       3320 ,          107349 ,  74751 ,  1915 ,     4659 ,     4592 ,      12402 ,     9030
New Orleans      ,Louisiana            ,LA        ,     62677 ,    918752 ,      811945 ,      306292 ,         306292 ,       60502 ,    458780 , 145705 , 237318 ,       383023 ,     267200 ,      1160 , 392537 , 344762 ,  31204 ,       98876 ,  124394 ,      91387 ,        45115 ,       206884 ,       107519 ,        20369 ,         379887 ,      72973 ,       432884 ,             2475 ,       32559 ,        24402 ,    10095 , 39919 ,         30471 ,       5611 ,  23672 ,     56079 ,   110415 , 52643 , 22405 ,      22138 ,          447450 , 295959 , 39603 ,    26344 ,    18708 ,      57752 ,     9084
Boston           ,Massachusetts        ,MA        ,     09271 ,   4355184 ,     3786006 ,     1347669 ,        1347669 ,      109693 ,   2518796 , 708677 ,1018347 ,      1727024 ,     661000 ,      2017 ,2750626 , 367447 , 421043 ,      488641 ,  608540 ,     958660 ,       173726 ,       803682 ,       707439 ,       270750 ,        1955597 ,     435169 ,      2415234 ,             5422 ,      140609 ,       199134 ,    33959 ,208812 ,         92162 ,      52954 , 194269 ,    435521 ,   668087 ,191324 ,103999 ,      88982 ,         1827377 , 893744 ,197759 ,   210426 ,   106901 ,     405663 ,    12884
Baltimore        ,Maryland             ,MD        ,     04843 ,   2189589 ,     1903204 ,      749785 ,         749785 ,       87972 ,   1181470 , 333162 , 553348 ,       886510 ,     364400 ,      1565 ,1005334 , 751120 , 151639 ,      160170 ,  196140 ,     297456 ,        75255 ,       445726 ,       324386 ,        89258 ,         934625 ,     188283 ,      1119731 ,             2628 ,       59854 ,        55220 ,    18825 ,100238 ,         63206 ,      18467 ,  62893 ,    177377 ,   306862 , 89324 , 54064 ,     110773 ,          954264 , 664682 , 19400 ,    25770 ,    61539 ,     176008 ,     6865
Portland         ,Maine                ,ME        ,     71263 ,    213660 ,      182612 ,       79688 ,          79688 ,       87804 ,    128394 ,  39964 ,  58047 ,        98011 ,     474300 ,      1596 , 178799 ,   9629 ,   5156 ,       17759 ,    6531 ,      17301 ,        15728 ,        62361 ,        18061 ,         3093 ,          99243 ,      21540 ,       124964 ,              624 ,        4745 ,        10176 ,     2004 , 15536 ,          4121 ,       2583 ,   9254 ,     19497 ,    36719 , 11678 ,  5003 ,       3024 ,          108266 ,  58002 , 10698 ,    14060 ,     6733 ,      16930 ,     1843
Ann Arbor        ,Michigan             ,MI        ,     02602 ,    314647 ,      240990 ,      101623 ,         101623 ,       76811 ,    174775 ,  56354 ,  74984 ,       131338 ,     339200 ,      1435 , 200193 ,  49542 ,  29420 ,       30917 ,   20414 ,      49133 ,        14539 ,        82051 ,        33294 ,         5480 ,         135364 ,      59453 ,       168352 ,              236 ,        3620 ,        19615 ,     2416 , 16581 ,          6519 ,       2670 ,   6386 ,     19912 ,    61554 , 17326 ,  7181 ,       4336 ,          141275 ,  81998 ,  2742 ,     6447 ,    17160 ,      26611 ,     6317
Grand Rapids     ,Michigan             ,MI        ,     34300 ,    611480 ,      522535 ,      240892 ,         240892 ,       79135 ,    341388 ,  77273 , 161190 ,       238463 ,     296800 ,      1273 , 429682 ,  66666 ,  19820 ,       70080 ,   75590 ,      56916 ,        44690 ,       187521 ,        40895 ,        10483 ,         283589 ,      59258 ,       328901 ,             2469 ,       18531 ,        57631 ,    11424 , 36340 ,         14222 ,       3812 ,  23618 ,     38459 ,    76444 , 25006 , 14269 ,       6676 ,          248750 , 171047 , 10233 ,     7689 ,    14643 ,      36828 ,     8310
Lansing          ,Michigan             ,MI        ,     47719 ,    318001 ,      256178 ,      109133 ,         109133 ,       64473 ,    174741 ,  56248 ,  78124 ,       134372 ,     202400 ,      1067 , 214328 ,  38627 ,  20918 ,       34636 ,   28867 ,      27195 ,        23216 ,        89204 ,        17308 ,         8427 ,         138155 ,      61897 ,       164980 ,              933 ,        6604 ,        16397 ,     2591 , 17084 ,          8688 ,       1886 ,  13773 ,     17069 ,    46432 , 14132 ,  6772 ,      12619 ,          145320 ,  89984 ,  2521 ,     4675 ,     9246 ,      34219 ,     4675
Detroit          ,Michigan             ,MI        ,     23824 ,   3716929 ,     3302368 ,     1303437 ,        1303437 ,       70551 ,   1896953 , 457752 ,1066821 ,      1524573 ,     241100 ,      1191 ,2250048 , 901805 , 210715 ,      264227 ,  208654 ,     449803 ,       150482 ,       795784 ,       483996 ,        83169 ,        1513431 ,     296625 ,      1796910 ,             5605 ,       90377 ,       349409 ,    30567 ,186836 ,         90426 ,      24505 , 120197 ,    222881 ,   386988 ,157573 , 76866 ,      54680 ,         1674173 ,1261582 , 34439 ,    52725 ,    88569 ,     196374 ,    40484
Minneapolis      ,Minnesota            ,MN        ,     57628 ,   2906807 ,     2507900 ,     1033159 ,        1033159 ,       93662 ,   1660357 , 401706 , 797370 ,      1199076 ,     369000 ,      1448 ,1955578 , 342343 , 249000 ,      240230 ,  226980 ,     371226 ,       134542 ,       768884 ,       318012 ,        38568 ,        1260006 ,     245863 ,      1607684 ,            10136 ,       77646 ,       213626 ,    40315 ,163521 ,         73472 ,      29660 , 139710 ,    217130 ,   398542 ,120908 , 68204 ,      54814 ,         1256062 , 822613 , 33247 ,    26527 ,    33670 ,     324743 ,    15262
Rochester        ,Minnesota            ,MN        ,     75637 ,    123252 ,      101919 ,       40284 ,          40284 ,       85125 ,     68466 ,  17521 ,  33694 ,        51215 ,     323200 ,      1446 ,  88227 ,  12101 ,   9836 ,        8122 ,    7510 ,      16550 ,        10138 ,        37784 ,         4784 ,         2029 ,          54735 ,      10314 ,        66341 ,              110 ,        2709 ,         4744 ,     1178 ,  5796 ,           837 ,        520 ,   2430 ,      4063 ,    34748 ,  4560 ,  2574 ,       2072 ,           56228 ,  37954 ,  1280 ,     2901 ,     1687 ,      11720 ,      686
Kansas City      ,Missouri             ,MO        ,     43912 ,   1686807 ,     1462915 ,      651062 ,         651062 ,       77266 ,    925594 , 260095 , 441466 ,       701561 ,     284100 ,      1254 ,1127125 , 239052 ,  56662 ,      180286 ,  216514 ,     148562 ,        83451 ,       462828 ,       175929 ,        22224 ,         744432 ,     140889 ,       896582 ,             4199 ,       56480 ,        82368 ,    24155 , 93274 ,         58709 ,      19739 ,  84113 ,    131310 ,   197242 , 70371 , 37274 ,      37348 ,          752608 , 537580 , 14974 ,    28327 ,    43062 ,     120226 ,     8439
St. Louis        ,Missouri             ,MO        ,     77770 ,   2127843 ,     1865503 ,      814412 ,         814412 ,       77884 ,   1162473 , 287842 , 625460 ,       913302 ,     251800 ,      1146 ,1405404 , 453554 ,  77680 ,      148391 ,   93491 ,     149417 ,       101827 ,       541400 ,       260685 ,        35115 ,         939027 ,     180259 ,      1112028 ,             7149 ,       56929 ,       111852 ,    24539 ,115944 ,         58796 ,      22150 ,  93121 ,    148032 ,   286747 , 95114 , 55056 ,      36599 ,          991362 , 718305 , 34543 ,    55803 ,    47952 ,     116348 ,    18411
Jackson          ,Mississippi          ,MS        ,     42211 ,    331332 ,      287171 ,      122538 ,         122538 ,       56724 ,    172415 ,  52214 ,  86239 ,       138453 ,     211000 ,      1110 , 133349 , 171132 ,   5023 ,       12909 ,   11464 ,       8306 ,        12555 ,        96702 ,        32665 ,         3552 ,         145474 ,      32837 ,       163207 ,             1118 ,        7732 ,        11615 ,     3203 , 19569 ,         10168 ,       3300 ,  10118 ,     16814 ,    44020 , 16574 ,  9696 ,       9280 ,          158059 , 115030 ,  3158 ,     6831 ,    14096 ,      15673 ,     3271
Bozeman          ,Montana              ,MT        ,     09514 ,     63917 ,       46971 ,       27511 ,          27511 ,       82969 ,     42421 ,  15870 ,  13154 ,        29024 ,     663800 ,      1852 ,  55266 ,    450 ,   1320 ,        5115 ,    4218 ,       3098 ,         8078 ,        23338 ,         2945 ,         1562 ,          35923 ,      14692 ,        41217 ,              909 ,        3741 ,         1203 ,      473 ,  5882 ,          1667 ,        854 ,   3125 ,      5442 ,     9482 ,  4991 ,  2161 ,       1287 ,           31224 ,  17168 ,  3247 ,     2934 ,     2743 ,       4205 ,      927
Charlotte        ,North Carolina       ,NC        ,     15670 ,   1436613 ,     1218584 ,      470341 ,         470341 ,       87522 ,    816687 , 238356 , 332673 ,       571029 ,     450700 ,      1656 , 706664 , 366463 ,  84886 ,      146993 ,  224013 ,     229478 ,        48558 ,       293020 ,       193944 ,        31933 ,         567455 ,     130843 ,       788163 ,             2227 ,       55137 ,        67514 ,    16614 , 79975 ,         52304 ,      17821 , 103051 ,    129234 ,   143025 , 65097 , 38191 ,      17973 ,          616878 , 415394 ,  4871 ,    13090 ,    32088 ,     141645 ,     9790
Durham           ,North Carolina       ,NC        ,     25228 ,    411362 ,      323810 ,      138465 ,         138465 ,       81082 ,    233454 ,  80960 ,  89955 ,       170915 ,     438500 ,      1562 , 195303 , 112379 ,  26667 ,       35734 ,   59712 ,      63420 ,        21845 ,       106906 ,        40932 ,         6757 ,         176440 ,      61661 ,       224988 ,              383 ,       11603 ,        18035 ,     2484 , 19528 ,          6464 ,       3783 ,  10941 ,     41483 ,    75498 , 16702 ,  9294 ,       8790 ,          186415 , 117194 ,  3793 ,     7599 ,    12572 ,      43128 ,     2129
Fayetteville     ,North Carolina       ,NC        ,     29440 ,    326821 ,      259573 ,      114838 ,         114838 ,       60179 ,    166917 ,  58127 ,  68714 ,       126841 ,     215500 ,      1232 , 129047 , 130695 ,  10858 ,       36322 ,   45064 ,      24194 ,        26078 ,        78743 ,        31157 ,         6857 ,         142835 ,      40772 ,       125003 ,              406 ,        7297 ,        11379 ,     1638 , 15282 ,          9362 ,       1565 ,   4766 ,     13920 ,    31888 , 11721 ,  6182 ,       9597 ,          140241 ,  93950 ,  5253 ,     5475 ,     9696 ,      16274 ,     9593
Greensboro       ,North Carolina       ,NC        ,     35164 ,    345858 ,      281130 ,      125332 ,         125332 ,       63884 ,    183240 ,  62869 ,  77944 ,       140813 ,     259600 ,      1202 , 148280 , 129271 ,  17124 ,       31494 ,   35897 ,      41637 ,        21573 ,        90643 ,        25993 ,         9522 ,         147731 ,      45539 ,       175386 ,              373 ,        7875 ,        21935 ,     4564 , 21928 ,         12450 ,       1720 ,  12768 ,     18097 ,    44407 , 18460 ,  7049 ,       3760 ,          151646 ,  98481 ,  2499 ,     5370 ,    15456 ,      26254 ,     3586
Raleigh          ,North Carolina       ,NC        ,     73261 ,   1150010 ,      972022 ,      391403 ,         391403 ,      102852 ,    649710 , 172993 , 295826 ,       468819 ,     483100 ,      1653 , 662147 , 217830 , 103023 ,      104078 ,  130085 ,     181017 ,        42577 ,       248700 ,       136952 ,        23326 ,         451555 ,      99205 ,       626321 ,             4394 ,       34327 ,        59091 ,    12318 , 56347 ,         23566 ,      13155 ,  54489 ,    146389 ,   122714 , 44798 , 26460 ,      28273 ,          498971 , 353616 ,  4671 ,    11317 ,    22435 ,      97873 ,     9059
Fargo            ,North Dakota         ,ND        ,     29089 ,    225066 ,      174272 ,       99306 ,          99306 ,       67510 ,    134705 ,  48956 ,  49273 ,        98229 ,     281100 ,       992 , 181822 ,  17364 ,   6696 ,       15810 ,    9080 ,      14811 ,        19937 ,        82023 ,         9558 ,         2547 ,         114065 ,      36901 ,       129021 ,             2060 ,        8700 ,        11331 ,     5047 , 14243 ,          5037 ,       2654 ,  11717 ,     12588 ,    36155 ,  9268 ,  5773 ,       4448 ,          104444 ,  52268 ,  1193 ,     3368 ,     4312 ,      41733 ,     1570
Lincoln          ,Nebraska             ,NE        ,     49933 ,    293055 ,      240059 ,      117623 ,         117623 ,       67925 ,    164379 ,  58212 ,  67979 ,       126191 ,     264600 ,      1024 , 231045 ,  10511 ,  12321 ,       27486 ,   25863 ,      24041 ,        25427 ,        95810 ,        14928 ,         4557 ,         140722 ,      47390 ,       159251 ,             1725 ,        8270 ,        16145 ,     3042 , 15058 ,          7204 ,       2566 ,  12262 ,     17554 ,    43819 , 15071 ,  7586 ,       8949 ,          130987 ,  80501 ,  4968 ,     4316 ,     8450 ,      31369 ,     1383
Omaha            ,Nebraska             ,NE        ,     65269 ,    826161 ,      703271 ,      325816 ,         325816 ,       80510 ,    459343 , 124485 , 211097 ,       335582 ,     275000 ,      1188 , 589721 ,  70647 ,  31363 ,       82819 ,  117103 ,      76629 ,        48232 ,       264064 ,        57057 ,        11082 ,         380435 ,      75941 ,       442146 ,             4044 ,       28912 ,        38159 ,    10531 , 47336 ,         26016 ,       8029 ,  46428 ,     55726 ,   106872 , 36606 , 18145 ,      15342 ,          351047 , 251558 ,  3352 ,     6826 ,    17116 ,      68465 ,     3730
Manchester       ,New Hampshire        ,NH        ,     53740 ,    162716 ,      136113 ,       66971 ,          66971 ,       88710 ,     97915 ,  29776 ,  37654 ,        67430 ,     387800 ,      1647 , 127770 ,   6725 ,   9043 ,       17038 ,   16591 ,      20249 ,        10217 ,        46005 ,        18504 ,         5726 ,          80452 ,      18221 ,        95156 ,               92 ,        6235 ,        12019 ,     2224 , 12222 ,          4910 ,       1724 ,   7931 ,     10415 ,    24826 ,  7065 ,  3498 ,       1995 ,           70912 ,  34329 ,  5462 ,     7877 ,     7155 ,      15382 ,      707
Atlantic City    ,New Jersey           ,NJ        ,     03904 ,    299290 ,      263241 ,      101572 ,         101572 ,       77447 ,    158434 ,  40606 ,  92361 ,       132967 ,     358300 ,      1323 , 178175 ,  36806 ,  21673 ,       32372 ,   55331 ,      47159 ,        18934 ,        75619 ,        27359 ,         8859 ,         130771 ,      23799 ,       147398 ,              734 ,        8325 ,         6240 ,     1622 , 12096 ,          6396 ,       1661 ,   9325 ,     13657 ,    38553 , 33954 ,  6555 ,       8280 ,          203770 , 141805 , 13150 ,     9362 ,     9525 ,      24867 ,     5061
Albuquerque      ,New Mexico           ,NM        ,     01171 ,    767499 ,      664666 ,      274494 ,         274494 ,       69754 ,    400902 , 110185 , 212388 ,       322573 ,     307000 ,      1232 , 380463 ,  25568 ,  22395 ,      199325 ,  374419 ,      75809 ,        39629 ,       195310 ,        75797 ,        19662 ,         330398 ,      70865 ,       379938 ,             3674 ,       24612 ,        21420 ,     6513 , 37937 ,         16493 ,       6803 ,  21690 ,     63138 ,   100386 , 36904 , 19517 ,      20851 ,          341741 , 244189 ,  4735 ,    20920 ,    11268 ,      44942 ,    15687
Reno             ,Nevada               ,NV        ,     74179 ,    454814 ,      385052 ,      160888 ,         160888 ,       83563 ,    246459 ,  72134 , 110611 ,       182745 ,     536300 ,      1618 , 279630 ,   9992 ,  28888 ,       85556 ,  126403 ,      68071 ,        21768 ,       133896 ,        42613 ,         8733 ,         207010 ,      40727 ,       236010 ,             1925 ,       18756 ,        24351 ,     6136 , 25538 ,         16358 ,       2773 ,  12057 ,     31093 ,    45792 , 32034 ,  9895 ,       9302 ,          200773 , 126714 ,  3251 ,    10669 ,    15545 ,      32638 ,    11956
Las Vegas        ,Nevada               ,NV        ,     47995 ,   2256509 ,     1893730 ,      772143 ,         772143 ,       75019 ,   1182861 , 364099 , 483847 ,       847946 ,     438000 ,      1662 , 952093 , 278667 , 252079 ,      379099 ,  736375 ,     505858 ,        67472 ,       528976 ,       323477 ,        49961 ,         969886 ,     182688 ,      1112538 ,             4414 ,       84469 ,        42487 ,    19403 ,121310 ,         96651 ,      19119 ,  68340 ,    146113 ,   178000 ,247305 , 45500 ,      39427 ,          925903 , 609208 , 10849 ,    62297 ,    59375 ,     162674 ,    21500
Buffalo          ,New York             ,NY        ,     11350 ,    949547 ,      831781 ,      332404 ,         332404 ,       66777 ,    486312 , 154195 , 262883 ,       417078 ,     230700 ,      1066 , 679991 , 129710 ,  50330 ,       63576 ,   61000 ,      73807 ,        57201 ,       262885 ,        73932 ,        14703 ,         408721 ,      88394 ,       467345 ,             1245 ,       22588 ,        49760 ,     8964 , 48416 ,         26084 ,       6178 ,  38426 ,     50231 ,   132856 , 38393 , 21926 ,      22278 ,          450108 , 264191 , 80016 ,    35756 ,    22099 ,      42587 ,     5459
New York City    ,New York             ,NY        ,     63217 ,  18832416 ,    16972962 ,     4111326 ,        4111326 ,       94043 ,  10025644 ,3625858 ,3613692 ,      7239550 ,     613300 ,      1763 ,8357858 ,3055017 ,2347156 ,     2375525 , 4923991 ,    5844561 ,       584863 ,      2849368 ,      2948941 ,      1654557 ,        8037729 ,    1560313 ,      9487656 ,            15514 ,      540707 ,       497532 ,   189083 ,849145 ,        616713 ,     294192 , 861107 ,   1442046 ,  2578432 ,776625 ,451184 ,     375376 ,         7791582 ,3139255 ,789879 ,   578300 ,   441627 ,    2814174 ,    28347
Cincinnati       ,Ohio                 ,OH        ,     16885 ,   1704916 ,     1483217 ,      637036 ,         637036 ,       77455 ,    913064 , 252902 , 452538 ,       705440 ,     274700 ,      1122 ,1229833 , 241290 ,  54537 ,      137060 ,   88618 ,     116582 ,        79914 ,       439227 ,       205607 ,        25668 ,         750416 ,     149707 ,       879503 ,             3111 ,       45107 ,       114391 ,    15655 ,104271 ,         50562 ,      12364 ,  68147 ,    119464 ,   204976 , 72057 , 40673 ,      28725 ,          743704 , 494284 , 28852 ,    46095 ,    44344 ,     122406 ,     7723
Columbus         ,Ohio                 ,OH        ,     19234 ,   1578153 ,     1306367 ,      571062 ,         571062 ,       76669 ,    875026 , 299569 , 353261 ,       652830 ,     327000 ,      1305 , 956484 , 338939 , 104312 ,      125815 ,  108710 ,     205902 ,        70617 ,       437935 ,       145439 ,        21976 ,         675967 ,     147840 ,       841793 ,             2225 ,       39557 ,        63688 ,    17035 , 92379 ,         63532 ,      16235 ,  85672 ,    111408 ,   212084 , 69263 , 34050 ,      34665 ,          696913 , 443562 , 16750 ,    49100 ,    61112 ,     118738 ,     7651
Oklahoma City    ,Oklahoma             ,OK        ,     65080 ,   1000207 ,      827094 ,      374896 ,         374896 ,       67408 ,    520085 , 168301 , 237203 ,       405504 ,     237200 ,      1177 , 572108 , 119376 ,  40462 ,      180711 ,  195300 ,      98631 ,        46528 ,       269746 ,       106411 ,        14346 ,         437031 ,      94195 ,       489190 ,            11021 ,       31831 ,        32839 ,    10036 , 61591 ,         27533 ,       7077 ,  34184 ,     59044 ,   112991 , 41701 , 27691 ,      31651 ,          439355 , 324728 ,  8636 ,    14207 ,    27243 ,      56244 ,     8297
Tusla            ,Oklahoma             ,OK        ,     88948 ,    740620 ,      626717 ,      268268 ,         268268 ,       65784 ,    378197 , 120361 , 177045 ,       297406 ,     235100 ,      1107 , 444876 ,  69510 ,  28421 ,      121136 ,  115406 ,      72698 ,        40105 ,       213186 ,        53102 ,         9414 ,         315807 ,      68786 ,       358910 ,             4314 ,       25232 ,        38245 ,     8472 , 41870 ,         23748 ,       6455 ,  22102 ,     41047 ,    82010 , 31898 , 20234 ,      13283 ,          323416 , 233252 ,  3791 ,    10126 ,    18028 ,      52188 ,     6031
Portland         ,Oregon               ,OR        ,     71317 ,   2084045 ,     1764478 ,      682917 ,         682917 ,       94771 ,   1189952 , 358743 , 513508 ,       872251 ,     559100 ,      1691 ,1415058 ,  76548 , 169295 ,      283028 ,  306669 ,     282249 ,        97783 ,       494089 ,       232292 ,        54625 ,         878789 ,     166686 ,      1143867 ,            11235 ,       69348 ,       139447 ,    27713 ,132719 ,         62065 ,      21918 ,  65458 ,    168927 ,   258433 , 95436 , 51134 ,      40034 ,          912382 , 576520 , 21863 ,    42415 ,    56957 ,     193835 ,    20792
Eugene           ,Oregon               ,OR        ,     28117 ,    272737 ,      219099 ,       86745 ,          86745 ,       68771 ,    144623 ,  55449 ,  62050 ,       117499 ,     434700 ,      1406 , 210010 ,   4227 ,   9419 ,       32388 ,   31785 ,      13358 ,        15979 ,        82663 ,        11229 ,         4400 ,         114271 ,      38775 ,       136610 ,             2609 ,        7415 ,        12394 ,     2570 , 15596 ,          4153 ,       1832 ,   6211 ,     16563 ,    41014 , 12713 ,  7256 ,       6284 ,          124149 ,  76971 ,  3065 ,     7957 ,     8050 ,      20752 ,     7354
Pittsburgh       ,Pennsylvania         ,PA        ,     69697 ,   1712828 ,     1499862 ,      584550 ,         584550 ,       75559 ,    929668 , 242933 , 517970 ,       760903 ,     232700 ,      1101 ,1368700 , 170121 ,  57037 ,       95500 ,   45284 ,      93432 ,        85558 ,       372071 ,       224041 ,        44286 ,         725956 ,     144174 ,       893580 ,             4869 ,       52516 ,        83915 ,    16978 , 95465 ,         52033 ,      16049 ,  70758 ,    118998 ,   244920 , 75701 , 37213 ,      24165 ,          840531 , 621739 , 36068 ,    33260 ,    32634 ,     104451 ,    12379
Philadelphia     ,Pennsylvania         ,PA        ,     69076 ,   5696588 ,     5025246 ,     1791181 ,        1791181 ,       84489 ,   3052563 , 787523 ,1497613 ,      2285136 ,     349700 ,      1457 ,3292830 ,1208948 , 385889 ,      474400 ,  641918 ,     717901 ,       234323 ,      1071858 ,       827153 ,       242365 ,        2375699 ,     509606 ,      2910109 ,            10624 ,      155568 ,       254569 ,    57823 ,296713 ,        169410 ,      52370 , 234052 ,    403837 ,   799500 ,223519 ,125700 ,     126424 ,         2431800 ,1722120 ,100522 ,   117968 ,    96894 ,     370547 ,    23749
Providence       ,Rhode Island         ,RI        ,     72505 ,   1270529 ,     1113285 ,      468642 ,         468642 ,       82320 ,    692759 , 203984 , 313150 ,       517134 ,     414200 ,      1348 , 889503 ,  71717 ,  46934 ,      157640 ,  220689 ,     198190 ,        74054 ,       291711 ,       154878 ,        50536 ,         571179 ,     118691 ,       656354 ,             3159 ,       43579 ,        70996 ,    11878 , 77839 ,         29563 ,       7517 ,  42798 ,     81733 ,   171923 , 54568 , 32302 ,      28499 ,          556648 , 305346 , 54863 ,    80258 ,    35955 ,      73831 ,     6395
Charleston       ,South Carolina       ,SC        ,     15508 ,    726389 ,      595986 ,      268740 ,         268740 ,       86502 ,    402094 ,  98931 , 199924 ,       298855 ,     388000 ,      1667 , 476952 , 158396 ,  16845 ,       48468 ,   58369 ,      55705 ,        30028 ,       162540 ,       102393 ,        23585 ,         318546 ,      63438 ,       379844 ,             1050 ,       27087 ,        38113 ,     5951 , 37192 ,         23500 ,       5072 ,  28547 ,     62399 ,    77885 , 37039 , 17084 ,      18925 ,          328349 , 218848 ,  8427 ,    12605 ,    20974 ,      49842 ,    17653
Columbia         ,South Carolina       ,SC        ,     18964 ,    605083 ,      501408 ,      222942 ,         222942 ,       66938 ,    321397 ,  87387 , 158658 ,       246045 ,     248600 ,      1211 , 305326 , 212366 ,  17859 ,       49970 ,   44297 ,      38976 ,        37100 ,       156403 ,        59160 ,         9657 ,         262320 ,      78296 ,       294824 ,             1778 ,       15242 ,        23907 ,     3883 , 33325 ,         18553 ,       4513 ,  22914 ,     32960 ,    76501 , 21772 , 17485 ,      21991 ,          270920 , 193805 ,  3929 ,     9930 ,    17345 ,      34888 ,    11023
Sioux Falls      ,South Dakota         ,SD        ,     82252 ,    207795 ,      180920 ,       89917 ,          89917 ,       71160 ,    119048 ,  34195 ,  56555 ,        90750 ,     301000 ,       986 , 163359 ,  15146 ,   5595 ,       13774 ,   15042 ,      21241 ,        13412 ,        77397 ,        10117 ,         2856 ,         103782 ,      18743 ,       116221 ,             1862 ,        6605 ,        13331 ,     3116 , 12088 ,          4263 ,       2260 ,  12490 ,     10599 ,    32444 ,  8123 ,  4804 ,       4236 ,           96318 ,  59482 ,  1481 ,     2924 ,     3983 ,      25204 ,     3244
Chattanooga      ,Tennessee            ,TN        ,     15832 ,    410795 ,      343914 ,      151959 ,         151959 ,       69106 ,    217723 ,  63708 , 106760 ,       170468 ,     298900 ,      1265 , 293037 ,  63678 ,   8510 ,       27859 ,   33594 ,      21035 ,        20940 ,       111011 ,        39404 ,         4932 ,         176287 ,      36138 ,       207449 ,              887 ,       15654 ,        25972 ,     4421 , 26905 ,         16284 ,       2750 ,  13048 ,     22074 ,    46522 , 18529 , 10074 ,       4329 ,          185656 , 129562 ,  7910 ,     5457 ,     7842 ,      26189 ,     8696
Memphis          ,Tennessee            ,TN        ,     56116 ,   1033394 ,      890077 ,      378680 ,         378680 ,       62014 ,    529468 , 180499 , 229597 ,       410096 ,     256700 ,      1223 , 354441 , 534860 ,  25543 ,       66063 ,   84379 ,      77857 ,        44992 ,       266767 ,       115829 ,        11846 ,         439434 ,      88974 ,       496407 ,             1859 ,       24850 ,        45883 ,    12480 , 49377 ,         70466 ,       5344 ,  26315 ,     53288 ,   111671 , 43820 , 22399 ,      28655 ,          458565 , 328902 ,  6451 ,    23265 ,    36497 ,      57976 ,     5474
Knoxville        ,Tennessee            ,TN        ,     45640 ,    618226 ,      532120 ,      234758 ,         234758 ,       69300 ,    326265 ,  86483 , 164691 ,       251174 ,     345000 ,      1264 , 496395 ,  49620 ,  11928 ,       46484 ,   41352 ,      39831 ,        28175 ,       159005 ,        72951 ,         9137 ,         269268 ,      68991 ,       314537 ,              966 ,       20893 ,        26031 ,     6881 , 37225 ,         18698 ,       5376 ,  21379 ,     43599 ,    71812 , 35692 , 15589 ,      10396 ,          273549 , 194024 ,  5553 ,    10249 ,    17152 ,      37433 ,     9138
Nashville        ,Tennessee            ,TN        ,     61273 ,   1178679 ,      986747 ,      450255 ,         450255 ,       84867 ,    677600 , 211301 , 304334 ,       515635 ,     470600 ,      1649 , 730770 , 215129 ,  44780 ,      128023 ,  145671 ,     161213 ,        49735 ,       265968 ,       173774 ,        33822 ,         523299 ,     110399 ,       657927 ,             1844 ,       43295 ,        52880 ,    14615 , 61630 ,         37758 ,      21001 ,  44951 ,     99063 ,   156584 , 68394 , 33880 ,      22032 ,          553910 , 360049 , 17754 ,    14608 ,    26576 ,     125702 ,     9221
Austin           ,Texas                ,TX        ,     04384 ,   1915031 ,     1574570 ,      672950 ,         672950 ,      101000 ,   1149659 , 380928 , 449245 ,       830173 ,     518100 ,      1784 ,1051691 , 147393 , 182134 ,      373075 ,  583156 ,     322254 ,        79489 ,       411673 ,       261376 ,        48389 ,         800927 ,     169319 ,      1105016 ,             4224 ,       65179 ,        99258 ,    16622 ,109389 ,         50521 ,      40760 ,  87854 ,    231623 ,   207345 , 88609 , 46095 ,      57537 ,          874356 , 523939 , 20534 ,    24967 ,    40444 ,     246954 ,    17518
Dallas           ,Texas                ,TX        ,     22042 ,   5843632 ,     4960520 ,     2113814 ,        2113814 ,       81296 ,   3205298 , 981964 ,1210176 ,      2192140 ,     353400 ,      1625 ,2479361 ,1092390 , 491947 ,     1115103 , 1926811 ,    1279376 ,       233840 ,      1228149 ,       887189 ,       205940 ,        2555118 ,     561031 ,      3071420 ,            19409 ,      258936 ,       276484 ,    71806 ,337113 ,        239214 ,      64624 , 285745 ,    451886 ,   590572 ,254949 ,142279 ,      78403 ,         2358532 ,1462195 , 30273 ,    89412 ,   158397 ,     579937 ,    38318
Houston          ,Texas                ,TX        ,     40429 ,   6046392 ,     5137101 ,     2108223 ,        2108223 ,       76699 ,   3193937 , 905679 ,1297466 ,      2203145 ,     304800 ,      1435 ,2083206 ,1177341 , 589488 ,     1329076 , 2448336 ,    1652442 ,       187672 ,      1143016 ,       994165 ,       263553 ,        2588406 ,     556452 ,      3013888 ,            57803 ,      273067 ,       267891 ,    80771 ,309889 ,        225616 ,      32712 , 184544 ,    437709 ,   657221 ,252987 ,153259 ,      80419 ,         2385746 ,1528113 , 31922 ,    71294 ,   104946 ,     583462 ,    66009
San Antonio      ,Texas                ,TX        ,     78580 ,   2069843 ,     1696728 ,      701976 ,         701976 ,       70634 ,   1085412 , 309546 , 446971 ,       756517 ,     281200 ,      1334 , 865523 , 172680 ,  70986 ,      688929 , 1213573 ,     292115 ,        71312 ,       472348 ,       266424 ,        60029 ,         870113 ,     210256 ,      1003799 ,             6066 ,       80315 ,        63348 ,    18060 ,121198 ,         53703 ,      16431 ,  80767 ,    126278 ,   243422 ,102692 , 45937 ,      45582 ,          832212 , 557934 , 13904 ,    33503 ,    52121 ,     159830 ,    14920
Provo            ,Utah                 ,UT        ,     72559 ,    639820 ,      515145 ,      203753 ,         203753 ,       99745 ,    337098 ,  67747 , 124240 ,       191987 ,     578300 ,      1557 , 517223 ,   4574 ,  11225 ,       66909 ,   94626 ,      54714 ,        46280 ,       141862 ,        59977 ,        16267 ,         264386 ,     114060 ,       323302 ,             1706 ,       25055 ,        25554 ,     7619 , 35741 ,          8213 ,       7154 ,  21036 ,     53368 ,    89540 , 23788 , 16244 ,       8284 ,          197331 , 143376 ,  6066 ,     8580 ,     8682 ,      28640 ,     1987
Salt Lake City   ,Utah                 ,UT        ,     78499 ,   1169033 ,      980758 ,      413331 ,         413331 ,       94000 ,    666568 , 149787 , 282247 ,       432034 ,     553900 ,      1649 , 815922 ,  19552 ,  50373 ,      132286 ,  240591 ,     159307 ,        48276 ,       323254 ,       126666 ,        18477 ,         516673 ,     117306 ,       642234 ,             3912 ,       46893 ,        64920 ,    12641 , 75043 ,         37377 ,      10671 ,  51980 ,     90140 ,   144823 , 54493 , 27987 ,      21354 ,          453814 , 311187 , 10248 ,    16905 ,    18715 ,      87990 ,     8769
Richmond         ,Virginia             ,VA        ,     74746 ,   1081248 ,      908718 ,      401284 ,         401284 ,       82255 ,    594986 , 162363 , 271664 ,       434027 ,     355500 ,      1507 , 551741 , 331869 ,  55477 ,       83087 ,  106082 ,     122477 ,        49182 ,       281610 ,       120992 ,        17578 ,         469362 ,     104209 ,       560057 ,             1114 ,       26118 ,        37172 ,     9994 , 63567 ,         35291 ,       7476 ,  55531 ,     79016 ,   131874 , 41610 , 29484 ,      41810 ,          467823 , 331012 , 11482 ,    22389 ,    24736 ,      75079 ,     3125
Virginia Beach   ,Virginia             ,VA        ,     90892 ,   1431821 ,     1204716 ,      540901 ,         540901 ,       76871 ,    780444 , 231575 , 343712 ,       575287 ,     335000 ,      1475 , 715433 , 453189 ,  66758 ,      151791 ,  126181 ,     103765 ,        66190 ,       378052 ,       177362 ,        28016 ,         649620 ,     141073 ,       676490 ,             2105 ,       41131 ,        59216 ,    10736 , 71792 ,         43230 ,      10288 ,  43537 ,     81891 ,   157061 , 66930 , 34139 ,      54434 ,          617921 , 426744 , 13269 ,    29832 ,    48397 ,      91309 ,     8370
Burlington       ,Vermont              ,VT        ,     11755 ,    118409 ,       95437 ,       39063 ,          39063 ,       91262 ,     70614 ,  22546 ,  29655 ,        52201 ,     422300 ,      1655 ,  99317 ,   3673 ,   6641 ,        6101 ,    3382 ,      11322 ,         9598 ,        33365 ,         8435 ,         2351 ,          53749 ,      21717 ,        68461 ,             1192 ,        3045 ,         8066 ,      915 ,  7742 ,          1709 ,       1123 ,   3604 ,      8949 ,    20463 ,  6855 ,  1687 ,       3111 ,           54241 ,  28037 ,  4053 ,     5474 ,     5473 ,      10815 ,      389
Seattle          ,Washington           ,WA        ,     80389 ,   3555253 ,     2960643 ,     1133779 ,        1133779 ,      110589 ,   2040530 , 618770 , 830494 ,      1449264 ,     720200 ,      1971 ,1982502 , 243857 , 631294 ,      466428 ,  425522 ,     813725 ,       131845 ,       735453 ,       501150 ,       147192 ,        1515640 ,     290940 ,      1921381 ,            10179 ,      106126 ,       165412 ,    38351 ,207444 ,        112122 ,      72665 , 114038 ,    369536 ,   407949 ,161353 , 85529 ,      70677 ,         1545390 , 902944 , 30410 ,    61536 ,    83678 ,     433053 ,    33769
Spokane          ,Washington           ,WA        ,     83764 ,    458988 ,      386753 ,      154895 ,         154895 ,       72510 ,    235552 ,  70137 , 115937 ,       186074 ,     410400 ,      1331 , 372136 ,  11341 ,  12141 ,       40180 ,   35360 ,      29352 ,        21288 ,       119410 ,        39488 ,         8274 ,         188460 ,      39272 ,       223344 ,             1758 ,       12569 ,        19358 ,     5912 , 29073 ,         14974 ,       2682 ,  15722 ,     25033 ,    54666 , 18748 , 12070 ,      10779 ,          198423 , 135547 ,  6104 ,     6860 ,     8892 ,      33093 ,     7927
Madison          ,Wisconsin            ,WI        ,     53200 ,    460255 ,      360680 ,      166930 ,         166930 ,       79296 ,    276768 , 106663 , 105290 ,       211953 ,     391900 ,      1395 , 340504 ,  28599 ,  32171 ,       42268 ,   42107 ,      46502 ,        29698 ,       140139 ,        42079 ,         5526 ,         217442 ,      71393 ,       270055 ,             1174 ,        8883 ,        23737 ,     3363 , 23658 ,          6239 ,       6159 ,  15597 ,     54412 ,    81538 , 20951 , 12119 ,      12225 ,          217773 , 107913 ,  8619 ,    11686 ,    13383 ,      75828 ,      344
Milwaukee        ,Wisconsin            ,WI        ,     57466 ,   1290221 ,     1129593 ,      462353 ,         462353 ,       72261 ,    679838 , 230529 , 310703 ,       541232 ,     285000 ,      1125 , 776136 , 241209 ,  64674 ,      145026 ,  180944 ,     118675 ,        66110 ,       338003 ,       127520 ,        22106 ,         553739 ,     115732 ,       656051 ,             4012 ,       32061 ,       109824 ,    13922 , 70087 ,         31260 ,       8703 ,  49560 ,     75450 ,   166346 , 49460 , 27171 ,      18195 ,          583637 , 327117 , 72082 ,    30155 ,    34083 ,     116737 ,     3463
Charleston       ,West Virginia        ,WV        ,     15481 ,    133045 ,      121105 ,       44132 ,          44132 ,       55653 ,     63008 ,  19722 ,  40470 ,        60192 ,     144400 ,       843 , 112902 ,   7192 ,   2139 ,       10112 ,    2332 ,       2730 ,         7257 ,        34833 ,         6377 ,         3250 ,          51717 ,      10994 ,        59188 ,              709 ,        4341 ,         3330 ,      776 ,  7204 ,          1677 ,       1303 ,   3224 ,      7384 ,    16983 ,  4766 ,  1980 ,       5511 ,           69300 ,  47123 ,  3168 ,     4485 ,     3827 ,       6142 ,     4555
Cheyenne         ,Wyoming              ,WY        ,     16237 ,     81378 ,       69092 ,       32748 ,          32748 ,       66658 ,     43406 ,  13533 ,  23314 ,        36847 ,     334900 ,      1141 ,  62738 ,   1479 ,   1323 ,       10025 ,   14522 ,       2693 ,         7334 ,        26548 ,         2521 ,         1243 ,          37646 ,       7556 ,        38395 ,              437 ,        3252 ,         1809 ,      202 ,  5167 ,          3032 ,        753 ,   3131 ,      3202 ,     8943 ,  3077 ,  1517 ,       3873 ,           38446 ,  27807 ,   645 ,     3438 ,     1415 ,       2204 ,     2937
